feature_set,R2,R2_SD,source
A,0.4253244759598689,0.0096638675136674,main benchmark
A+B,0.4459838857217935,0.0209406537332166,main benchmark
A+B+C,0.4665235103491512,0.0056486234281053,main benchmark
AA,0.2573982833898266,0.0056175272295867,main benchmark
B,0.3214704932193744,0.0118966871426743,estimator comparison
C,0.275410552229889,0.0040676606128794,estimator comparison
B+C,0.3861342091019292,0.0084044311670177,estimator comparison
