panel,setting,R2,R2_SD,abs_shift,R2_neg_shift,R2_neg_SD,R2_pos_shift,R2_pos_SD
A,Correct site,0.4667812414934932,0.0081150751863386,,,,,
A,Wrong site,0.2743718945006387,0.0961600796812622,,,,,
A,Coarse position,0.279193065070939,0.1211884795079828,,,,,
B,,,,0.0,0.4667812414934932,0.0081150751863386,0.4667812414934932,0.0081150751863386
B,,,,1.0,0.1807231432183036,0.0528220302506824,0.2462248537314905,0.1638298645952589
B,,,,2.0,0.1177063296810121,0.1352918025302602,0.1128856661469528,0.2057004197250569
B,,,,3.0,0.1016607201812174,0.1453748461997921,0.271076504787379,0.0901443013585363
B,,,,5.0,0.1439307279938634,0.0773531543087082,0.0818346858526984,0.5929917233251659
