{
  "n_estimators": 464,
  "max_depth": 7,
  "learning_rate": 0.019321444115518505,
  "subsample": 0.995940561178695,
  "colsample_bytree": 0.8972969222483813,
  "min_child_weight": 15,
  "reg_alpha": 3.143306873603005e-08,
  "reg_lambda": 4.703201244761215e-05,
  "gamma": 0.3815590665210883
}