{
  "alpha": 0.00014804454350266205,
  "l1_ratio": 0.9267599078282783
}