{
  "alpha": 0.001835061302040937,
  "l1_ratio": 0.09344193683486912
}