{
  "n_estimators": 1828,
  "max_depth": 6,
  "learning_rate": 0.016995347597218047,
  "subsample": 0.589001632601377,
  "colsample_bytree": 0.5690841471531161,
  "min_child_weight": 3,
  "reg_alpha": 0.34171598404814957,
  "reg_lambda": 1.963503469517181,
  "gamma": 0.5855825071003702
}