{
  "n_estimators": 1497,
  "max_depth": 5,
  "learning_rate": 0.01784803890136189,
  "subsample": 0.961373836239277,
  "colsample_bytree": 0.8365377230054064,
  "min_child_weight": 13,
  "reg_alpha": 0.0003699233462219922,
  "reg_lambda": 5.9788706657916245e-06,
  "gamma": 0.543604777778557
}