{
  "n_estimators": 394,
  "max_depth": 5,
  "learning_rate": 0.03576154878138061,
  "subsample": 0.8960749547573664,
  "colsample_bytree": 0.6805061541474773,
  "min_child_weight": 2,
  "reg_alpha": 0.0032639085518648674,
  "reg_lambda": 7.0223407928198545e-06
}