{
  "n_estimators": 1677,
  "max_depth": 8,
  "learning_rate": 0.03069944458615825,
  "subsample": 0.6372732453252921,
  "colsample_bytree": 0.6134809524857812,
  "min_child_weight": 10,
  "reg_alpha": 8.079309434401445e-07,
  "reg_lambda": 5.788501835635154e-07,
  "gamma": 0.2329032370215688
}