{
  "C": 2.0590626199799527,
  "gamma": 0.03739795034957751,
  "epsilon": 0.03126805498587429
}