{
  "feature_set": "Chem+Site",
  "estimator": "random_forest",
  "family": "tree",
  "seed": 3,
  "split_type": "random",
  "status": "completed",
  "test_metrics": {
    "rmse": 0.8477901690446671,
    "mae": 0.5108953547413336,
    "r2": 0.4493277505627773,
    "spearman": 0.7333538216733
  },
  "val_metrics": {
    "rmse": 0.8473029717777238,
    "mae": 0.5108699433035973,
    "r2": 0.44734964411915956,
    "spearman": 0.7439430416816967
  },
  "selection_metric": "validation RMSE",
  "best_validation_rmse": 0.8473029717777238,
  "runtime_seconds": 24.471434723003767,
  "n_trials": 10,
  "hpo": true,
  "best_params": {
    "n_estimators": 295,
    "max_depth": 17,
    "min_samples_split": 6,
    "min_samples_leaf": 3
  },
  "needs_scale": false
}