{
  "alpha": 0.007042394297244725,
  "l1_ratio": 0.020834354496313406
}