{
  "feature_set": "Context",
  "estimator": "ridge",
  "family": "linear",
  "seed": 1,
  "test_metrics": {
    "rmse": 1.0571133077758006,
    "mae": 0.7020292694824404,
    "r2": 0.1438309603848893,
    "spearman": 0.4519194409443333
  },
  "hpo": true,
  "best_params": {
    "alpha": 0.11709413370738549
  },
  "needs_scale": true
}