{
  "feature_set": "Chem+Context",
  "estimator": "svr",
  "family": "kernel",
  "seed": 3,
  "split_type": "random",
  "status": "completed",
  "test_metrics": {
    "rmse": 0.89800833426805,
    "mae": 0.4854176480241666,
    "r2": 0.3821583617032491,
    "spearman": 0.7379275312026792
  },
  "val_metrics": {
    "rmse": 0.8865538138847657,
    "mae": 0.48119907796274586,
    "r2": 0.39496123674112804,
    "spearman": 0.7521793677385421
  },
  "selection_metric": "validation RMSE",
  "best_validation_rmse": 0.8865538138847657,
  "runtime_seconds": 25.55102378601441,
  "n_trials": 10,
  "hpo": true,
  "best_params": {
    "C": 4.491523825137997,
    "gamma": 0.06801289958688554,
    "epsilon": 0.006097378631749905
  },
  "needs_scale": true
}