{
  "feature_set": "Chem+Context",
  "estimator": "xgboost",
  "family": "tree",
  "seed": 0,
  "split_type": "random",
  "status": "completed",
  "test_metrics": {
    "rmse": 0.8664316937106006,
    "mae": 0.5143352798131585,
    "r2": 0.4248447355796158,
    "spearman": 0.7178955081091363
  },
  "val_metrics": {
    "rmse": 0.8601739943109294,
    "mae": 0.5224398388503657,
    "r2": 0.43043196048954324,
    "spearman": 0.7482897875721042
  },
  "selection_metric": "validation RMSE",
  "best_validation_rmse": 0.8601739943109294,
  "runtime_seconds": 17.02158367098309,
  "n_trials": 10,
  "hpo": true,
  "best_params": {
    "n_estimators": 206,
    "max_depth": 8,
    "learning_rate": 0.015364092985079625,
    "subsample": 0.972334458524792,
    "colsample_bytree": 0.7609241608750359,
    "min_child_weight": 5,
    "reg_alpha": 3.866639405842193e-05,
    "reg_lambda": 0.2628063327422689
  },
  "needs_scale": false
}