{
  "alpha": 0.009407619528109243,
  "l1_ratio": 0.9785954555662079
}