{
  "alpha": 0.018791349464560278,
  "l1_ratio": 0.8787065542936445
}