{
  "C": 1.6912084007726307,
  "gamma": 0.10144782798271279,
  "epsilon": 0.0010280039360262483
}