{
  "n_estimators": 296,
  "max_depth": 8,
  "learning_rate": 0.0147479308792328,
  "subsample": 0.7296995360529953,
  "colsample_bytree": 0.5417728665276265,
  "min_child_weight": 3,
  "reg_alpha": 0.0015048205374803105,
  "reg_lambda": 0.00048117552399330754
}