{
  "n_estimators": 422,
  "max_depth": 7,
  "learning_rate": 0.013126335925664763,
  "subsample": 0.9368463388801062,
  "colsample_bytree": 0.9576465369414906,
  "min_child_weight": 5,
  "reg_alpha": 0.5226552172571128,
  "reg_lambda": 5.765221260958585e-08,
  "gamma": 0.02627094601708868
}