{
  "alpha": 5.02190118161959e-05,
  "l1_ratio": 0.7233113128582305
}