{
  "C": 31.0411431960195,
  "gamma": 0.05218402585751307,
  "epsilon": 0.379157086551845
}