{
  "n_estimators": 1506,
  "max_depth": 6,
  "learning_rate": 0.012621380937382826,
  "subsample": 0.8453145535557461,
  "colsample_bytree": 0.6200268654366466,
  "min_child_weight": 10,
  "reg_alpha": 0.2489023283447407,
  "reg_lambda": 2.047645880485685,
  "gamma": 0.48681991192446183
}