{
  "n_estimators": 858,
  "max_depth": 4,
  "learning_rate": 0.13851200967463312,
  "subsample": 0.9350113442618561,
  "colsample_bytree": 0.52912589196291,
  "min_child_weight": 1,
  "reg_alpha": 0.10675039929926565,
  "reg_lambda": 0.00014842466357495502,
  "gamma": 0.02941520184333135
}