{
  "n_estimators": 1724,
  "max_depth": 5,
  "learning_rate": 0.017025359719022644,
  "subsample": 0.6798093578792557,
  "colsample_bytree": 0.5904020347395202,
  "min_child_weight": 2,
  "reg_alpha": 0.12282094573052497,
  "reg_lambda": 0.002972866816587554,
  "gamma": 1.1236591604485968
}