{
  "n_estimators": 829,
  "max_depth": 10,
  "learning_rate": 0.0234085802566748,
  "subsample": 0.6503673445807558,
  "colsample_bytree": 0.8603990229891633,
  "min_child_weight": 5,
  "reg_alpha": 0.40105360873302226,
  "reg_lambda": 2.6628922799057052e-06,
  "gamma": 0.197242623025267
}