{
  "n_estimators": 1041,
  "max_depth": 5,
  "learning_rate": 0.08055842799916603,
  "subsample": 0.8564770140749974,
  "colsample_bytree": 0.9467518968194175,
  "min_child_weight": 6,
  "reg_alpha": 4.5449131969894415e-06,
  "reg_lambda": 4.113124839796549e-07,
  "gamma": 1.20689183825786
}