{
  "alpha": 2.66818752423705e-05,
  "l1_ratio": 0.09538671370750988
}