{
  "n_estimators": 1558,
  "max_depth": 8,
  "learning_rate": 0.02933082366822919,
  "subsample": 0.9652488512508017,
  "colsample_bytree": 0.6679137183313801,
  "min_child_weight": 17,
  "reg_alpha": 3.538933316232598e-06,
  "reg_lambda": 0.0028792978265157055,
  "gamma": 0.44683680718125063
}