{
  "n_estimators": 1917,
  "max_depth": 7,
  "learning_rate": 0.008838866452683681,
  "subsample": 0.976670779053837,
  "colsample_bytree": 0.9109425843030187,
  "min_child_weight": 5,
  "reg_alpha": 0.0007263606219077313,
  "reg_lambda": 0.004684529985037177,
  "gamma": 0.6239050602416264
}