{
  "C": 52.652584538839214,
  "gamma": 0.0521115407011364,
  "epsilon": 0.19309926858465254
}