{
  "n_estimators": 530,
  "max_depth": 7,
  "learning_rate": 0.019519457366955775,
  "subsample": 0.7072173844707901,
  "colsample_bytree": 0.796425168662833,
  "min_child_weight": 7,
  "reg_alpha": 8.941605690050117e-05,
  "reg_lambda": 6.937994710397839
}