{
  "feature_set": "Chem+Site+Context",
  "estimator": "xgboost",
  "family": "tree",
  "seed": 0,
  "test_metrics": {
    "rmse": 0.8336270259512024,
    "mae": 0.4988235016459394,
    "r2": 0.4675730739840568,
    "spearman": 0.7439220929969289
  },
  "hpo": true,
  "best_params": {
    "n_estimators": 530,
    "max_depth": 7,
    "learning_rate": 0.019519457366955775,
    "subsample": 0.7072173844707901,
    "colsample_bytree": 0.796425168662833,
    "min_child_weight": 7,
    "reg_alpha": 8.941605690050117e-05,
    "reg_lambda": 6.937994710397839
  },
  "needs_scale": false
}