{
  "feature_set": "Chem+Context",
  "estimator": "xgboost",
  "family": "tree",
  "seed": 1,
  "split_type": "random",
  "status": "completed",
  "test_metrics": {
    "rmse": 0.8629301145623146,
    "mae": 0.5163585130486038,
    "r2": 0.42948418292243895,
    "spearman": 0.7118514568695724
  },
  "val_metrics": {
    "rmse": 0.8725881689568324,
    "mae": 0.5276301923368008,
    "r2": 0.4138731246097055,
    "spearman": 0.7442217611401514
  },
  "selection_metric": "validation RMSE",
  "best_validation_rmse": 0.8725881689568324,
  "runtime_seconds": 18.105374219012447,
  "n_trials": 10,
  "hpo": true,
  "best_params": {
    "n_estimators": 475,
    "max_depth": 8,
    "learning_rate": 0.010003426950381346,
    "subsample": 0.6511662863159199,
    "colsample_bytree": 0.5733779454085566,
    "min_child_weight": 1,
    "reg_alpha": 1.3108749615263326e-05,
    "reg_lambda": 0.00026237659355350326
  },
  "needs_scale": false
}