{
  "n_estimators": 1245,
  "max_depth": 8,
  "learning_rate": 0.059258626359515794,
  "subsample": 0.7808445848092368,
  "colsample_bytree": 0.7401598088044627,
  "min_child_weight": 9,
  "reg_alpha": 0.057964967028818204,
  "reg_lambda": 0.05294431435852169,
  "gamma": 0.6202396897954616
}