{
  "n_estimators": 1667,
  "max_depth": 10,
  "learning_rate": 0.009819827887134973,
  "subsample": 0.5382404063634129,
  "colsample_bytree": 0.5523942636783524,
  "min_child_weight": 4,
  "reg_alpha": 1.0496938137591431e-08,
  "reg_lambda": 0.02597879202597923,
  "gamma": 0.7449437302366424
}