{
  "n_estimators": 1446,
  "max_depth": 8,
  "learning_rate": 0.05253866280051924,
  "subsample": 0.8512599905018335,
  "colsample_bytree": 0.9363062181127916,
  "min_child_weight": 15,
  "reg_alpha": 0.4524092528731871,
  "reg_lambda": 0.0018198220487177686,
  "gamma": 0.6228175455449801
}