{
  "alpha": 0.0002654474235530655,
  "l1_ratio": 0.3962986044540828
}