estimator,feature_set_id,feature_set,metric,mean,sample_sd,ci95_low,ci95_high,n_completed_seeds
Ridge,A+B+C,Chemistry + Site + Context,r2,0.1771948701794536,0.0003289185089144,0.1767864639085917,0.1776032764503155,5
ElasticNet,A+B+C,Chemistry + Site + Context,r2,0.1785058787300049,0.0006853806043285,0.177654866308543,0.1793568911514667,5
RBF-SVR,A+B+C,Chemistry + Site + Context,r2,0.3864843264801928,0.0313126248680788,0.3476045674922393,0.4253640854681463,5
Random Forest,A+B+C,Chemistry + Site + Context,r2,0.4621189472355578,0.0052054551490317,0.4556555209827407,0.4685823734883749,5
XGBoost,A+B+C,Chemistry + Site + Context,r2,0.4607371544491673,0.009961146663017,0.4483687572568715,0.4731055516414631,5
