representation_id,group,mean,sample_sd,ci95_low,ci95_high,n_seeds
A+B+C,A,0.3557987451553345,0.0142707046762307,0.3380793249298606,0.3735181653808084,5
A+B+C,B,0.3710601806640625,0.0143374797840295,0.3532578481912586,0.3888625131368663,5
A+B+C,C,0.2731411039829254,0.0024985928091103,0.2700386912456822,0.2762435167201685,5
