representation_id,group,mean,sample_sd,ci95_low,ci95_high,n_seeds
A+B+C,B1,0.1454646855592727,0.0142334085100984,0.1277915746405564,0.1631377964779891,5
A+B+C,B2,0.1333692654967308,0.0095054203802704,0.1215667272227567,0.1451718037707049,5
A+B+C,B3,0.0922262355685234,0.0084232913780223,0.0817673379180528,0.1026851332189939,5
