cutoff,train_n,test_n,train_sequences,test_sequences,train_families,test_families,train_edit_families,test_edit_families,unseen_test_edit_fraction,train_monomers,test_monomers,unseen_test_monomer_fraction,train_label_mean,train_label_sd,train_label_median,train_label_iqr,test_label_mean,test_label_sd,test_label_median,test_label_iqr
2016,1041,3092,858,356,34,49,4,4,0.25,121,150,0.68,-5.208943323727186,1.047636643215475,-4.77,1.0,-6.017880749609638,1.069252938649429,-5.76,0.9500000000000002
2017,1759,2733,886,318,40,41,4,4,0.25,149,125,0.536,-5.580943718021604,1.156333460764969,-5.27,1.5050000000000008,-6.01336184682071,1.0830819567855303,-5.76,0.8899999999999997
2018,1780,2722,907,301,43,40,4,4,0.25,155,132,0.5303030303030303,-5.586438202247192,1.1566526829633526,-5.28,1.510000000000001,-6.0254422479614265,1.089101503881325,-5.77,0.91
2019,1881,2672,948,279,51,32,4,4,0.25,168,111,0.4684684684684684,-5.613561935140883,1.17674283037891,-5.3,1.4900000000000002,-5.989823093648203,1.0224243100658617,-5.765,0.8802102355000008
2020,1889,2668,949,274,52,32,4,4,0.25,168,117,0.4957264957264957,-5.613017469560615,1.174388770073676,-5.3,1.4799999999999995,-6.014551453712519,1.0663404950137687,-5.77,0.8700000000000001
2021,5049,1088,1040,189,58,26,4,4,0.25,181,102,0.5294117647058824,-5.836642899584076,1.1869413438722132,-5.61,0.96,-6.072858364976103,0.8851812349957341,-5.8926476055,1.08
2022,6662,281,1122,126,64,19,5,3,0.0,202,80,0.4125,-5.858479435604924,1.0904701008221502,-5.66,0.9700000000000006,-6.621891285153025,1.2777685992281806,-6.316961588,1.3132010989999996
2023,6887,169,1286,37,78,8,5,3,0.0,225,43,0.3488372093023256,-5.871565267896036,1.0902619631017478,-5.67,0.9799999999999996,-6.870554239556213,1.3584490432013263,-6.569578491,1.6372266350000002
