{
  "n_estimators": 1844,
  "max_depth": 7,
  "learning_rate": 0.011468479147408787,
  "subsample": 0.5345605343942549,
  "colsample_bytree": 0.6666329071589985,
  "min_child_weight": 4,
  "reg_alpha": 5.7007760975466355e-05,
  "reg_lambda": 0.08490331928013181,
  "gamma": 0.2567131577396968
}