{
  "C": 3.371962906703153,
  "gamma": 0.01508029863308994,
  "epsilon": 0.0012971443227692094
}