{
  "C": 4.430375245218266,
  "gamma": 0.07257005721594278,
  "epsilon": 0.04234871839273793
}