{
  "feature_set": "Chem+Site",
  "estimator": "xgboost",
  "family": "tree",
  "seed": 4,
  "split_type": "random",
  "status": "completed",
  "test_metrics": {
    "rmse": 0.8334627938762383,
    "mae": 0.5044856545614775,
    "r2": 0.4677828391733152,
    "spearman": 0.7423444790742768
  },
  "val_metrics": {
    "rmse": 0.8280073572711031,
    "mae": 0.5004869990962066,
    "r2": 0.4722340270019535,
    "spearman": 0.7574720450257932
  },
  "selection_metric": "validation RMSE",
  "best_validation_rmse": 0.8280073572711031,
  "runtime_seconds": 18.999581130978186,
  "n_trials": 10,
  "hpo": true,
  "best_params": {
    "n_estimators": 563,
    "max_depth": 7,
    "learning_rate": 0.012152207475605059,
    "subsample": 0.7700373648214032,
    "colsample_bytree": 0.5645933918352188,
    "min_child_weight": 7,
    "reg_alpha": 0.00015202047397894664,
    "reg_lambda": 0.2367588600814848
  },
  "needs_scale": false
}