{
  "n_estimators": 1353,
  "max_depth": 6,
  "learning_rate": 0.009242881070216381,
  "subsample": 0.8657593366420957,
  "colsample_bytree": 0.6936962747875094,
  "min_child_weight": 11,
  "reg_alpha": 1.474394672358598,
  "reg_lambda": 2.9167551840327636e-05,
  "gamma": 0.041122591147543464
}