{
  "C": 25.834053799825437,
  "gamma": 0.00924184299465367,
  "epsilon": 0.007267118011812553
}