{
  "C": 13.48534177645495,
  "gamma": 0.029344926234277532,
  "epsilon": 0.02537387221090326
}