{
  "alpha": 0.0002649493406998562,
  "l1_ratio": 0.7117250030301383
}