{
  "C": 35.5829887868298,
  "gamma": 0.01865244900360232,
  "epsilon": 0.0013439830516812196
}