{
  "n_estimators": 488,
  "max_depth": 8,
  "learning_rate": 0.010160746899583066,
  "subsample": 0.7583574918644345,
  "colsample_bytree": 0.683311616998781,
  "min_child_weight": 6,
  "reg_alpha": 2.049210514753594e-06,
  "reg_lambda": 0.00298154973585585
}