{
  "n_estimators": 1381,
  "max_depth": 8,
  "learning_rate": 0.020833121404637268,
  "subsample": 0.9323118614227165,
  "colsample_bytree": 0.9758323216335957,
  "min_child_weight": 11,
  "reg_alpha": 6.709710558800711e-05,
  "reg_lambda": 1.6335439466959713e-06,
  "gamma": 0.10162282026908787
}