rank,feature,importance
1,logp,0.23169098794460297
2,mol_weight,0.18283464014530182
3,tpsa,0.12954317033290863
4,num_aliphatic_rings,0.12550869584083557
5,num_rotatable_bonds,0.10403518378734589
6,num_aromatic_rings,0.08937355875968933
7,num_edits,0.07671598345041275
8,num_h_acceptors,0.06559912860393524
9,num_edit_families,0.05135178938508034
10,num_h_donors,0.04697151854634285
