{
  "n_estimators": 1785,
  "max_depth": 6,
  "learning_rate": 0.01150812851860347,
  "subsample": 0.7193896374648188,
  "colsample_bytree": 0.5616479894405502,
  "min_child_weight": 6,
  "reg_alpha": 2.4387625237994266e-07,
  "reg_lambda": 1.030552882444037e-05,
  "gamma": 0.7854635749051633
}