estimator,family,AA Comp_R2,AA Comp_R2_sd,Chem_R2,Chem_R2_sd,Site_R2,Site_R2_sd,Context_R2,Context_R2_sd,Site+Context_R2,Site+Context_R2_sd,Chem+Site+Context_R2,Chem+Site+Context_R2_sd,trend_consistent
ridge,linear,0.1306468129622142,0.002709336928132941,0.10746551811295524,5.013041543819516e-06,0.14354101531656277,0.0016902842307789801,0.14384563629984393,0.00011159241979721667,0.17953645782606237,8.344822311752201e-06,0.17719487017945362,0.00032891850891441277,False
elasticnet,linear,0.13087415909604935,0.005765789845265995,0.1073688806905406,0.00011422021184370116,0.14365869818520888,0.0035716633959856276,0.14381626540501258,0.00011397991366237625,0.17875811975555667,0.0007866169831401493,0.17850587873000492,0.0006853806043285154,False
random_forest,tree,0.2576240350219041,0.0017444221624757137,0.40884523385695565,0.010202306356926795,0.3236363171015455,0.0026532524277111595,0.2661854464070847,0.010576526331925266,0.3979348059712382,0.006287070317813004,0.4621189472355578,0.005205455149031703,True
svr,kernel,0.20106400513368636,0.0070263155284164104,0.369225056612536,0.01410922937339945,0.26974867240245926,0.027892214053978175,0.17516537950378822,0.02306074318959026,0.336250711824036,0.027526890165257445,0.3864843264801928,0.03131262486807888,True
xgboost,tree,0.26156095735078244,0.0007232180883156008,0.4291417697034777,0.0034390858555064206,0.3214704932193744,0.01189668714267432,0.275410552229889,0.004067660612879464,0.3861342091019292,0.008404431167017744,0.4607371544491673,0.009961146663017026,True
