{
  "n_estimators": 364,
  "max_depth": 8,
  "learning_rate": 0.029786642757085487,
  "subsample": 0.839992106475834,
  "colsample_bytree": 0.732499722252043,
  "min_child_weight": 10,
  "reg_alpha": 0.01005543005463634,
  "reg_lambda": 0.1362861117743224
}