{
  "feature_set": "AA Comp",
  "estimator": "xgboost",
  "family": "tree",
  "seed": 3,
  "test_metrics": {
    "rmse": 0.9818062556354413,
    "mae": 0.6457047871464056,
    "r2": 0.26147019207615463,
    "spearman": 0.5295337364534324
  },
  "hpo": true,
  "best_params": {
    "n_estimators": 364,
    "max_depth": 8,
    "learning_rate": 0.029786642757085487,
    "subsample": 0.839992106475834,
    "colsample_bytree": 0.732499722252043,
    "min_child_weight": 10,
    "reg_alpha": 0.01005543005463634,
    "reg_lambda": 0.1362861117743224
  },
  "needs_scale": false
}