{
  "n_estimators": 1619,
  "max_depth": 8,
  "learning_rate": 0.05395373452018786,
  "subsample": 0.8354741441269858,
  "colsample_bytree": 0.8037979876998537,
  "min_child_weight": 13,
  "reg_alpha": 0.001859723790724365,
  "reg_lambda": 1.9023338123047275e-07,
  "gamma": 0.03363683540828433
}