variant,delta_r2,r2
"Position stats
(A+B1)",0.011789307134544624,0.444267771920693
"Residue comp.
(A+B2)",-0.00889436204398375,0.4235841027421646
"Local context
(A+B3)",-0.013934362291419533,0.41854410249472884
"All anchor
(A+B)",0.02997427677885045,0.4624527415649988
"Attachment
(A+C)",-0.003608234752668027,0.42887023003348035
"Full model
(A+B+C)",0.03950447550928371,0.4719829402954321
