model,random_split_r2,harder_split_r2,degradation
Composition,0.26346068005914525,0.04394221976923718,0.21951846028990807
Descriptor-only,0.43269566730128545,0.26802841781351106,0.1646672494877744
Anchor-aware,0.4717246839384477,0.26960194202860144,0.20212274190984625
