{
  "n_estimators": 913,
  "max_depth": 5,
  "learning_rate": 0.03412160381380861,
  "subsample": 0.8243686504260808,
  "colsample_bytree": 0.5198295345087478,
  "min_child_weight": 4,
  "reg_alpha": 3.5232515932709975e-06,
  "reg_lambda": 0.002329455771170494
}