{
  "n_estimators": 1255,
  "max_depth": 5,
  "learning_rate": 0.05873526413559276,
  "subsample": 0.667849991549425,
  "colsample_bytree": 0.5316162222549996,
  "min_child_weight": 13,
  "reg_alpha": 0.002249413206847,
  "reg_lambda": 0.3850278841434296,
  "gamma": 0.06215593360128116
}