{
  "alpha": 0.03396326903219143,
  "l1_ratio": 0.35759053073413205
}