{
  "alpha": 7.492425350030174e-05,
  "l1_ratio": 0.8189822600068749
}