{
  "alpha": 0.00023181660056024504,
  "l1_ratio": 0.9390236459018803
}