{
  "alpha": 0.0005102604612058883,
  "l1_ratio": 0.6691784627730188
}