{
  "feature_set": "Site",
  "estimator": "xgboost",
  "family": "tree",
  "seed": 4,
  "test_metrics": {
    "rmse": 0.9326179809872731,
    "mae": 0.6039738292316414,
    "r2": 0.3336168490071739,
    "spearman": 0.6182820782194705
  },
  "hpo": true,
  "best_params": {
    "n_estimators": 412,
    "max_depth": 8,
    "learning_rate": 0.019397257579002975,
    "subsample": 0.894117070171377,
    "colsample_bytree": 0.5190965958390297,
    "min_child_weight": 9,
    "reg_alpha": 2.7549019708844003e-05,
    "reg_lambda": 1.3246942259375644e-05
  },
  "needs_scale": false
}