{
  "n_estimators": 433,
  "max_depth": 9,
  "learning_rate": 0.06344223035567409,
  "subsample": 0.7414359361279484,
  "colsample_bytree": 0.9002172648264074,
  "min_child_weight": 13,
  "reg_alpha": 0.13854794964143655,
  "reg_lambda": 0.0009600703040489195,
  "gamma": 0.08742929074519057
}