{
  "n_estimators": 1170,
  "max_depth": 8,
  "learning_rate": 0.018446611249363427,
  "subsample": 0.8653357459295558,
  "colsample_bytree": 0.5326464533624038,
  "min_child_weight": 8,
  "reg_alpha": 5.356869180911791e-06,
  "reg_lambda": 6.419525564226207,
  "gamma": 0.01442335928951155
}