{
  "alpha": 6.955392321661599e-05,
  "l1_ratio": 0.20413945930318123
}