{
  "n_estimators": 1528,
  "max_depth": 5,
  "learning_rate": 0.1269965511129369,
  "subsample": 0.7080988954449836,
  "colsample_bytree": 0.5000172247223675,
  "min_child_weight": 18,
  "reg_alpha": 7.724058650031166e-06,
  "reg_lambda": 0.0024986359009181564,
  "gamma": 0.8081034050118104
}