{
  "n_estimators": 444,
  "max_depth": 7,
  "learning_rate": 0.039972924231367724,
  "subsample": 0.8776170030057144,
  "colsample_bytree": 0.6953993401010196,
  "min_child_weight": 9,
  "reg_alpha": 0.0010953746061128972,
  "reg_lambda": 1.6176596584047038e-08,
  "gamma": 1.0527057452065942
}