{
  "n_estimators": 1842,
  "max_depth": 8,
  "learning_rate": 0.006798829940720691,
  "subsample": 0.9074520461974457,
  "colsample_bytree": 0.9516197352003202,
  "min_child_weight": 19,
  "reg_alpha": 0.6397142021100234,
  "reg_lambda": 7.199781996428922e-07,
  "gamma": 0.6342903535020792
}