{
  "n_estimators": 1326,
  "max_depth": 8,
  "learning_rate": 0.015713207212076714,
  "subsample": 0.8451371914391161,
  "colsample_bytree": 0.9475403750779907,
  "min_child_weight": 8,
  "reg_alpha": 3.6914918714155747e-06,
  "reg_lambda": 2.4864246894343487,
  "gamma": 0.025417149486557378
}