{
  "n_estimators": 1899,
  "max_depth": 5,
  "learning_rate": 0.012885173008789856,
  "subsample": 0.8530144169355709,
  "colsample_bytree": 0.620890234378666,
  "min_child_weight": 9,
  "reg_alpha": 0.3176836591791084,
  "reg_lambda": 0.019843034934139227,
  "gamma": 0.5323945162884344
}