{
  "C": 23.934659429874575,
  "gamma": 0.20247725374928482,
  "epsilon": 0.16587457788175058
}