{
  "n_estimators": 703,
  "max_depth": 5,
  "learning_rate": 0.012475117044134272,
  "subsample": 0.9351065963422506,
  "colsample_bytree": 0.9023328114646579,
  "min_child_weight": 18,
  "reg_alpha": 0.0032474886962842423,
  "reg_lambda": 1.1162394217080496e-08,
  "gamma": 1.1023307501270758
}