{
  "C": 24.04229025049255,
  "gamma": 0.08560539878270346,
  "epsilon": 0.04226699248008058
}