{
  "alpha": 0.007746911586093816,
  "l1_ratio": 0.48174370510271103
}