{
  "alpha": 0.0003562137760674771,
  "l1_ratio": 0.25137720333259544
}