{
  "n_estimators": 1072,
  "max_depth": 6,
  "learning_rate": 0.09515415660109143,
  "subsample": 0.9891703430651424,
  "colsample_bytree": 0.9485199840170133,
  "min_child_weight": 8,
  "reg_alpha": 3.5466019605744467e-06,
  "reg_lambda": 5.734630570400847e-08,
  "gamma": 0.015857460732192834
}