{
  "alpha": 5.7362255734085266e-05,
  "l1_ratio": 0.6384013347934315
}