{
  "n_estimators": 1395,
  "max_depth": 8,
  "learning_rate": 0.07942819395415052,
  "subsample": 0.8784459272424591,
  "colsample_bytree": 0.9201567251670845,
  "min_child_weight": 7,
  "reg_alpha": 0.0018880247345108546,
  "reg_lambda": 0.0004796245065654179,
  "gamma": 0.21813618480569158
}