{
  "feature_set": "AA Comp",
  "estimator": "xgboost",
  "family": "tree",
  "seed": 4,
  "test_metrics": {
    "rmse": 0.982398881759372,
    "mae": 0.6459766747672823,
    "r2": 0.2605783579772277,
    "spearman": 0.5288843284809499
  },
  "hpo": true,
  "best_params": {
    "n_estimators": 561,
    "max_depth": 10,
    "learning_rate": 0.010013460428954178,
    "subsample": 0.8710562109201769,
    "colsample_bytree": 0.8464456007468462,
    "min_child_weight": 2,
    "reg_alpha": 6.386430168226148e-06,
    "reg_lambda": 0.8024926564820559
  },
  "needs_scale": false
}