{
  "n_estimators": 1670,
  "max_depth": 7,
  "learning_rate": 0.1434603840610288,
  "subsample": 0.9588613651929653,
  "colsample_bytree": 0.7679476878096975,
  "min_child_weight": 7,
  "reg_alpha": 0.00023054015529330103,
  "reg_lambda": 3.1027144755872666e-06,
  "gamma": 0.04364791690630651
}