{
  "C": 7.949352251897352,
  "gamma": 0.5050437474075343,
  "epsilon": 0.3272217922482048
}