{
  "C": 9.575084549830287,
  "gamma": 0.002894503067722193,
  "epsilon": 0.0017628522503283068
}