{
  "n_estimators": 1955,
  "max_depth": 6,
  "learning_rate": 0.125312659274222,
  "subsample": 0.7698623671555607,
  "colsample_bytree": 0.680615135162183,
  "min_child_weight": 3,
  "reg_alpha": 3.495911869855114e-05,
  "reg_lambda": 0.0725314701024478,
  "gamma": 0.6495612373649051
}