{
  "alpha": 0.0072050396208706265,
  "l1_ratio": 0.6201702179618045
}