{
  "feature_set": "AA Comp",
  "estimator": "elasticnet",
  "family": "linear",
  "seed": 3,
  "test_metrics": {
    "rmse": 1.0621946095982036,
    "mae": 0.7150800740532554,
    "r2": 0.1355803611613975,
    "spearman": 0.3603618227477107
  },
  "hpo": true,
  "best_params": {
    "alpha": 0.0072050396208706265,
    "l1_ratio": 0.6201702179618045
  },
  "needs_scale": true
}