{
  "n_estimators": 1631,
  "max_depth": 6,
  "learning_rate": 0.022305671365751196,
  "subsample": 0.8955345333708595,
  "colsample_bytree": 0.7818945029800388,
  "min_child_weight": 6,
  "reg_alpha": 0.21105349472098528,
  "reg_lambda": 0.0016472700613917339,
  "gamma": 0.027851576754955185
}