{
  "C": 69.25321391909104,
  "gamma": 0.019881005712415068,
  "epsilon": 0.20116225480198846
}