{
  "n_estimators": 1982,
  "max_depth": 4,
  "learning_rate": 0.1904755937695765,
  "subsample": 0.8712414639246221,
  "colsample_bytree": 0.9101110794041518,
  "min_child_weight": 9,
  "reg_alpha": 0.00015002439939305746,
  "reg_lambda": 0.4668249812030858,
  "gamma": 0.1190456114571025
}