{
  "C": 37.14497841991642,
  "gamma": 0.03232249296465874,
  "epsilon": 0.03914563264533905
}