{
  "feature_set": "Chem+Site",
  "estimator": "random_forest",
  "family": "tree",
  "seed": 1,
  "split_type": "random",
  "status": "completed",
  "test_metrics": {
    "rmse": 0.8518816354632062,
    "mae": 0.5112455868323378,
    "r2": 0.4439997961549209,
    "spearman": 0.7315073457077325
  },
  "val_metrics": {
    "rmse": 0.8513576914690976,
    "mae": 0.5137820843056831,
    "r2": 0.44204763511825407,
    "spearman": 0.7395866082346341
  },
  "selection_metric": "validation RMSE",
  "best_validation_rmse": 0.8513576914690975,
  "runtime_seconds": 24.411041706975084,
  "n_trials": 10,
  "hpo": true,
  "best_params": {
    "n_estimators": 238,
    "max_depth": 15,
    "min_samples_split": 2,
    "min_samples_leaf": 4
  },
  "needs_scale": false
}