{
  "n_estimators": 563,
  "max_depth": 7,
  "learning_rate": 0.012152207475605059,
  "subsample": 0.7700373648214032,
  "colsample_bytree": 0.5645933918352188,
  "min_child_weight": 7,
  "reg_alpha": 0.00015202047397894664,
  "reg_lambda": 0.2367588600814848
}