{
  "feature_set": "Chem+Context",
  "estimator": "xgboost",
  "family": "tree",
  "seed": 4,
  "split_type": "random",
  "status": "completed",
  "test_metrics": {
    "rmse": 0.8592814138889335,
    "mae": 0.5142573040605494,
    "r2": 0.4342985718071668,
    "spearman": 0.7203780018054116
  },
  "val_metrics": {
    "rmse": 0.8688698403717804,
    "mae": 0.5247462469934971,
    "r2": 0.4188577642528686,
    "spearman": 0.7454431390476313
  },
  "selection_metric": "validation RMSE",
  "best_validation_rmse": 0.8688698403717804,
  "runtime_seconds": 17.016674602986313,
  "n_trials": 10,
  "hpo": true,
  "best_params": {
    "n_estimators": 563,
    "max_depth": 7,
    "learning_rate": 0.012152207475605059,
    "subsample": 0.7700373648214032,
    "colsample_bytree": 0.5645933918352188,
    "min_child_weight": 7,
    "reg_alpha": 0.00015202047397894664,
    "reg_lambda": 0.2367588600814848
  },
  "needs_scale": false
}