{
  "n_estimators": 1760,
  "max_depth": 5,
  "learning_rate": 0.029504031175980206,
  "subsample": 0.7558865348794689,
  "colsample_bytree": 0.7145232934182818,
  "min_child_weight": 3,
  "reg_alpha": 0.005879000099653542,
  "reg_lambda": 6.489988390184785e-07,
  "gamma": 0.45443068067674597
}