{
  "feature_set": "Chem+Context",
  "estimator": "ridge",
  "family": "linear",
  "seed": 4,
  "split_type": "random",
  "status": "completed",
  "test_metrics": {
    "rmse": 1.0334684215958814,
    "mae": 0.6694053273407725,
    "r2": 0.1817031850723907,
    "spearman": 0.5422915182106358
  },
  "val_metrics": {
    "rmse": 1.0193937302123075,
    "mae": 0.6691333089751628,
    "r2": 0.2000609258540098,
    "spearman": 0.5523186221114442
  },
  "selection_metric": "validation RMSE",
  "best_validation_rmse": 1.0193937302123075,
  "runtime_seconds": 11.054117425985169,
  "n_trials": 10,
  "hpo": true,
  "best_params": {
    "alpha": 4.062086754282275
  },
  "needs_scale": true
}