{
  "n_estimators": 1478,
  "max_depth": 8,
  "learning_rate": 0.014057117638268926,
  "subsample": 0.7339640413176148,
  "colsample_bytree": 0.7042821272646724,
  "min_child_weight": 2,
  "reg_alpha": 0.01451562062838332,
  "reg_lambda": 0.058451006233270285,
  "gamma": 0.5774851260745633
}