{
  "C": 6.912057904735645,
  "gamma": 0.007887224722297243,
  "epsilon": 0.4962890614641808
}