{
  "C": 54.78207837824484,
  "gamma": 0.014312958814358135,
  "epsilon": 0.03517827304281025
}