{
  "feature_set": "AA Comp",
  "estimator": "svr",
  "family": "kernel",
  "seed": 4,
  "test_metrics": {
    "rmse": 1.0143341514253423,
    "mae": 0.613906233592244,
    "r2": 0.21172358164035765,
    "spearman": 0.5212713992610567
  },
  "hpo": true,
  "best_params": {
    "C": 54.78207837824484,
    "gamma": 0.014312958814358135,
    "epsilon": 0.03517827304281025
  },
  "needs_scale": true
}