{
  "n_estimators": 1642,
  "max_depth": 7,
  "learning_rate": 0.008049774997214971,
  "subsample": 0.9485376574100169,
  "colsample_bytree": 0.9280018782801198,
  "min_child_weight": 16,
  "reg_alpha": 0.006383942690267886,
  "reg_lambda": 1.0374523336459409e-08,
  "gamma": 0.6548621897100834
}