{
  "n_estimators": 1799,
  "max_depth": 5,
  "learning_rate": 0.040432260134669884,
  "subsample": 0.8844486037158766,
  "colsample_bytree": 0.9609292890424164,
  "min_child_weight": 7,
  "reg_alpha": 0.0006801916962017598,
  "reg_lambda": 7.012518057231482e-08,
  "gamma": 0.6093113893195543
}