{
  "C": 1.2701607743445882,
  "gamma": 0.5002141094449658,
  "epsilon": 0.15742680064520406
}