{
  "alpha": 2.4291211447042802e-05,
  "l1_ratio": 0.04631580866305078
}