{
  "n_estimators": 1988,
  "max_depth": 8,
  "learning_rate": 0.09813931253505448,
  "subsample": 0.7939774783049774,
  "colsample_bytree": 0.983599030107579,
  "min_child_weight": 16,
  "reg_alpha": 0.1818976615249787,
  "reg_lambda": 6.12571585756825e-08,
  "gamma": 0.21214640408042407
}