{
  "feature_set": "Chem+Context",
  "estimator": "elasticnet",
  "family": "linear",
  "seed": 3,
  "split_type": "random",
  "status": "completed",
  "test_metrics": {
    "rmse": 1.0334395086913812,
    "mae": 0.669138572009726,
    "r2": 0.18174897071269613,
    "spearman": 0.5428049728670925
  },
  "val_metrics": {
    "rmse": 1.0193929942853308,
    "mae": 0.6691918250411756,
    "r2": 0.2000620808474426,
    "spearman": 0.5525346966843206
  },
  "selection_metric": "validation RMSE",
  "best_validation_rmse": 1.0193929942853308,
  "runtime_seconds": 12.88391077896813,
  "n_trials": 10,
  "hpo": true,
  "best_params": {
    "alpha": 0.0005564529299329963,
    "l1_ratio": 0.5106110530937098
  },
  "needs_scale": true
}