{
  "alpha": 4.073552545020919e-05,
  "l1_ratio": 0.193853673662228
}