{
  "n_estimators": 1631,
  "max_depth": 8,
  "learning_rate": 0.019256652558115386,
  "subsample": 0.8737720211028766,
  "colsample_bytree": 0.9159778980925878,
  "min_child_weight": 13,
  "reg_alpha": 2.3504647894122745e-05,
  "reg_lambda": 9.790156006358883e-07,
  "gamma": 0.45656745911764607
}