{
  "alpha": 0.00010789443380822188,
  "l1_ratio": 0.966697492021691
}