{
  "feature_set": "Chem+Context",
  "estimator": "random_forest",
  "family": "tree",
  "seed": 3,
  "split_type": "random",
  "status": "completed",
  "test_metrics": {
    "rmse": 0.8782895844643801,
    "mae": 0.5231276224893473,
    "r2": 0.4089939810144695,
    "spearman": 0.7109618604164721
  },
  "val_metrics": {
    "rmse": 0.8738001420730742,
    "mae": 0.5268703682306517,
    "r2": 0.4122438030767309,
    "spearman": 0.741988716366116
  },
  "selection_metric": "validation RMSE",
  "best_validation_rmse": 0.8738001420730742,
  "runtime_seconds": 19.494757303968072,
  "n_trials": 10,
  "hpo": true,
  "best_params": {
    "n_estimators": 344,
    "max_depth": 13,
    "min_samples_split": 7,
    "min_samples_leaf": 3
  },
  "needs_scale": false
}