{
  "n_estimators": 992,
  "max_depth": 3,
  "learning_rate": 0.038649878530712924,
  "subsample": 0.8072391661378918,
  "colsample_bytree": 0.6028502078038063,
  "min_child_weight": 1,
  "reg_alpha": 1.9808391617612675e-05,
  "reg_lambda": 3.754411960260967e-06
}