{
  "alpha": 0.00012783188524672593,
  "l1_ratio": 0.77962844486034
}