comparison,mean_difference,ci95_low,ci95_high,proportion_improved,proportion_tied,proportion_worsened,sign_test_p_value,n_families
Chemistry + Site minus Chemistry,0.02865090006533802,-0.007741741936005779,0.06768427624235292,0.46938775510204084,0.08163265306122448,0.4489795918367347,1.0,49
