{
  "n_estimators": 1584,
  "max_depth": 6,
  "learning_rate": 0.015448177006802557,
  "subsample": 0.9028958987145047,
  "colsample_bytree": 0.9046602738390346,
  "min_child_weight": 15,
  "reg_alpha": 5.297833811879574e-05,
  "reg_lambda": 0.0025587917192861284,
  "gamma": 0.5098562270747331
}