{
  "n_estimators": 1756,
  "max_depth": 8,
  "learning_rate": 0.012311026661499032,
  "subsample": 0.8874010479490909,
  "colsample_bytree": 0.8010857321948075,
  "min_child_weight": 8,
  "reg_alpha": 4.240354222401189e-05,
  "reg_lambda": 1.986357573565458,
  "gamma": 0.40718415508012623
}