{
  "feature_set": "AA Comp",
  "estimator": "xgboost",
  "family": "tree",
  "seed": 2,
  "test_metrics": {
    "rmse": 0.9817861633714763,
    "mae": 0.6454224143866886,
    "r2": 0.2615004191885354,
    "spearman": 0.5231074011848463
  },
  "hpo": true,
  "best_params": {
    "n_estimators": 611,
    "max_depth": 8,
    "learning_rate": 0.010809317142598331,
    "subsample": 0.7827190739439318,
    "colsample_bytree": 0.9129882928504298,
    "min_child_weight": 4,
    "reg_alpha": 0.0025842857329255596,
    "reg_lambda": 1.4156711972874286e-05
  },
  "needs_scale": false
}