{
  "feature_set": "AA Comp",
  "estimator": "ridge",
  "family": "linear",
  "seed": 1,
  "test_metrics": {
    "rmse": 1.0627545514383603,
    "mae": 0.7152333147181139,
    "r2": 0.13466875363291553,
    "spearman": 0.3565572324435976
  },
  "hpo": true,
  "best_params": {
    "alpha": 697.0424130452955
  },
  "needs_scale": true
}