{
  "alpha": 0.00016854407828169375,
  "l1_ratio": 0.8705550876631265
}