{
  "n_estimators": 1140,
  "max_depth": 4,
  "learning_rate": 0.03393839532892992,
  "subsample": 0.7953240673465676,
  "colsample_bytree": 0.9233433418979305,
  "min_child_weight": 14,
  "reg_alpha": 0.05604713158881597,
  "reg_lambda": 0.00014003577467910398,
  "gamma": 0.35343932457274674
}