{
  "n_estimators": 1126,
  "max_depth": 8,
  "learning_rate": 0.07809650721454026,
  "subsample": 0.9041418580102937,
  "colsample_bytree": 0.99479904658882,
  "min_child_weight": 11,
  "reg_alpha": 0.7041291819325851,
  "reg_lambda": 0.00069713540785093,
  "gamma": 0.18186413409628788
}