{
  "C": 4.727193584029006,
  "gamma": 0.053007230836075614,
  "epsilon": 0.0011707120857632452
}