{
  "feature_set": "AA Comp",
  "estimator": "svr",
  "family": "kernel",
  "seed": 3,
  "test_metrics": {
    "rmse": 1.0224394275003175,
    "mae": 0.6036166285706276,
    "r2": 0.19907543175541265,
    "spearman": 0.5311531697833953
  },
  "hpo": true,
  "best_params": {
    "C": 4.727193584029006,
    "gamma": 0.053007230836075614,
    "epsilon": 0.0011707120857632452
  },
  "needs_scale": true
}