{
  "C": 4.041657978365748,
  "gamma": 0.24951142210883112,
  "epsilon": 0.03327800017428284
}