{
  "n_estimators": 561,
  "max_depth": 9,
  "learning_rate": 0.02534416520959742,
  "subsample": 0.6866005850855706,
  "colsample_bytree": 0.9253283688024856,
  "min_child_weight": 14,
  "reg_alpha": 3.824958423376438e-07,
  "reg_lambda": 2.862036868891246,
  "gamma": 0.06829258261313173
}