{
  "C": 21.04468642256504,
  "gamma": 0.2644568362641103,
  "epsilon": 0.006638082465231001
}