{
  "feature_set": "AA Comp",
  "estimator": "ridge",
  "family": "linear",
  "seed": 2,
  "test_metrics": {
    "rmse": 1.0671913169683136,
    "mae": 0.7183404592779954,
    "r2": 0.12742853829501044,
    "spearman": 0.327747010395437
  },
  "hpo": true,
  "best_params": {
    "alpha": 2566.6435440755426
  },
  "needs_scale": true
}