{
  "C": 11.871655665653634,
  "gamma": 0.2220325973943392,
  "epsilon": 0.013072526531456513
}