{
  "feature_set": "Chem+Context",
  "estimator": "random_forest",
  "family": "tree",
  "seed": 2,
  "split_type": "random",
  "status": "completed",
  "test_metrics": {
    "rmse": 0.8701959964146876,
    "mae": 0.5267241263132718,
    "r2": 0.41983623532748526,
    "spearman": 0.7066382600766119
  },
  "val_metrics": {
    "rmse": 0.8727822818786483,
    "mae": 0.5315574248159851,
    "r2": 0.413612320121729,
    "spearman": 0.7372678762871746
  },
  "selection_metric": "validation RMSE",
  "best_validation_rmse": 0.8727822818786483,
  "runtime_seconds": 17.862287210999057,
  "n_trials": 10,
  "hpo": true,
  "best_params": {
    "n_estimators": 435,
    "max_depth": 11,
    "min_samples_split": 13,
    "min_samples_leaf": 1
  },
  "needs_scale": false
}