{
  "alpha": 1.8159689125085955e-05,
  "l1_ratio": 0.4971570325722281
}