{
  "feature_set": "Chem+Context",
  "estimator": "elasticnet",
  "family": "linear",
  "seed": 2,
  "split_type": "random",
  "status": "completed",
  "test_metrics": {
    "rmse": 1.0335014514680456,
    "mae": 0.6692762032870427,
    "r2": 0.18165087835350346,
    "spearman": 0.5425223766044354
  },
  "val_metrics": {
    "rmse": 1.0193946446820263,
    "mae": 0.6691918730416098,
    "r2": 0.20005949064724593,
    "spearman": 0.5524071890678358
  },
  "selection_metric": "validation RMSE",
  "best_validation_rmse": 1.0193946446820263,
  "runtime_seconds": 12.739078686980065,
  "n_trials": 10,
  "hpo": true,
  "best_params": {
    "alpha": 0.0006279543048780199,
    "l1_ratio": 0.27149072960080933
  },
  "needs_scale": true
}