{
  "C": 5.5247226391656135,
  "gamma": 0.2933992014238355,
  "epsilon": 0.01196497920482645
}