{
  "n_estimators": 1302,
  "max_depth": 6,
  "learning_rate": 0.01625523921272954,
  "subsample": 0.8836559022974271,
  "colsample_bytree": 0.9359429711980755,
  "min_child_weight": 9,
  "reg_alpha": 0.14932985711330937,
  "reg_lambda": 6.604145608890292e-05,
  "gamma": 0.01292544267564576
}