{
  "n_estimators": 1692,
  "max_depth": 7,
  "learning_rate": 0.07290810006645734,
  "subsample": 0.6158176886232654,
  "colsample_bytree": 0.8828789245726812,
  "min_child_weight": 4,
  "reg_alpha": 4.947995591103182e-07,
  "reg_lambda": 4.2418058529421564e-05,
  "gamma": 0.6574459784939077
}