{
  "C": 6.853068095839288,
  "gamma": 0.033645938812024614,
  "epsilon": 0.018277227207683773
}