{
  "feature_set": "AA Comp",
  "estimator": "svr",
  "family": "kernel",
  "seed": 2,
  "test_metrics": {
    "rmse": 1.0232038724541852,
    "mae": 0.6052205120750731,
    "r2": 0.19787733314400602,
    "spearman": 0.531144278057613
  },
  "hpo": true,
  "best_params": {
    "C": 6.853068095839288,
    "gamma": 0.033645938812024614,
    "epsilon": 0.018277227207683773
  },
  "needs_scale": true
}