{
  "feature_set": "Context",
  "estimator": "xgboost",
  "family": "tree",
  "seed": 2,
  "test_metrics": {
    "rmse": 0.977244831524143,
    "mae": 0.6281522019287858,
    "r2": 0.26831659814571196,
    "spearman": 0.565689318347175
  },
  "hpo": true,
  "best_params": {
    "n_estimators": 523,
    "max_depth": 6,
    "learning_rate": 0.02486676277848593,
    "subsample": 0.6202980149823925,
    "colsample_bytree": 0.8540939868796432,
    "min_child_weight": 2,
    "reg_alpha": 0.029596106197115064,
    "reg_lambda": 2.2450122071054404e-06
  },
  "needs_scale": false
}