{
  "alpha": 0.00010179472986704818,
  "l1_ratio": 0.6242995788516364
}