{
  "n_estimators": 1929,
  "max_depth": 6,
  "learning_rate": 0.039035692909314086,
  "subsample": 0.8115939261874724,
  "colsample_bytree": 0.9948079952984071,
  "min_child_weight": 10,
  "reg_alpha": 0.4322939164543483,
  "reg_lambda": 0.005843041307657697,
  "gamma": 0.2675279749650652
}