{
  "C": 14.842424488695768,
  "gamma": 0.04986672961143791,
  "epsilon": 0.15091559102434382
}