{
  "n_estimators": 1236,
  "max_depth": 8,
  "learning_rate": 0.016596250077640325,
  "subsample": 0.9609208171285462,
  "colsample_bytree": 0.6349183839999302,
  "min_child_weight": 12,
  "reg_alpha": 1.2931733011394408e-05,
  "reg_lambda": 2.5393745501441553e-06,
  "gamma": 0.0310098368365489
}