{
  "alpha": 0.0006279543048780199,
  "l1_ratio": 0.27149072960080933
}