{
  "C": 4.491523825137997,
  "gamma": 0.06801289958688554,
  "epsilon": 0.006097378631749905
}