{
  "feature_set": "Chem+Site+Context",
  "estimator": "svr",
  "family": "kernel",
  "seed": 4,
  "test_metrics": {
    "rmse": 0.8861712116828303,
    "mae": 0.48538029165553653,
    "r2": 0.39833920456349325,
    "spearman": 0.7550879962278627
  },
  "hpo": true,
  "best_params": {
    "C": 25.26493185409725,
    "gamma": 0.006400694997102941,
    "epsilon": 0.030051579215430373
  },
  "needs_scale": true
}