{
  "n_estimators": 1507,
  "max_depth": 8,
  "learning_rate": 0.040405283679248054,
  "subsample": 0.7796314054692992,
  "colsample_bytree": 0.9478484593885406,
  "min_child_weight": 5,
  "reg_alpha": 0.6679727440815212,
  "reg_lambda": 0.30481027860356363,
  "gamma": 0.06668303949022995
}