{
  "C": 79.63234721775596,
  "gamma": 0.015450018247892779,
  "epsilon": 0.42193534890240725
}