{
  "alpha": 9.6173063086053e-05,
  "l1_ratio": 0.595387265054202
}