{
  "n_estimators": 1823,
  "max_depth": 8,
  "learning_rate": 0.19456550285958368,
  "subsample": 0.8300152122532277,
  "colsample_bytree": 0.6187179693821602,
  "min_child_weight": 6,
  "reg_alpha": 3.072905420404867e-07,
  "reg_lambda": 0.03567575180137985,
  "gamma": 1.2752072322777719
}