{
  "alpha": 0.1423737517065531,
  "l1_ratio": 0.08900848296484615
}