{
  "n_estimators": 1077,
  "max_depth": 5,
  "learning_rate": 0.014746136806111603,
  "subsample": 0.9181781805471326,
  "colsample_bytree": 0.7275074871536736,
  "min_child_weight": 8,
  "reg_alpha": 1.9191246038221795e-08,
  "reg_lambda": 2.7509494476704085e-06,
  "gamma": 0.0031961811643979876
}