{
  "C": 2.799321907870355,
  "gamma": 0.35949156892787165,
  "epsilon": 0.28927102783709235
}