{
  "feature_set": "Chem",
  "estimator": "svr",
  "family": "kernel",
  "seed": 2,
  "test_metrics": {
    "rmse": 0.8972950587948714,
    "mae": 0.5047464929303478,
    "r2": 0.38313945787492043,
    "spearman": 0.7261499399012026
  },
  "hpo": true,
  "best_params": {
    "C": 2.799321907870355,
    "gamma": 0.35949156892787165,
    "epsilon": 0.28927102783709235
  },
  "needs_scale": true
}