{
  "alpha": 0.006028052701772877,
  "l1_ratio": 0.5765911389805601
}