{
  "feature_set": "AA Comp",
  "estimator": "elasticnet",
  "family": "linear",
  "seed": 1,
  "test_metrics": {
    "rmse": 1.0618850307560623,
    "mae": 0.7148644471114196,
    "r2": 0.1360841615597972,
    "spearman": 0.3604947401031309
  },
  "hpo": true,
  "best_params": {
    "alpha": 0.006028052701772877,
    "l1_ratio": 0.5765911389805601
  },
  "needs_scale": true
}