{
  "n_estimators": 1585,
  "max_depth": 5,
  "learning_rate": 0.03342349024573151,
  "subsample": 0.906918880619865,
  "colsample_bytree": 0.9153053566519466,
  "min_child_weight": 7,
  "reg_alpha": 9.775389157281078e-05,
  "reg_lambda": 1.1330247228411502e-07,
  "gamma": 0.18205045308663034
}