{
  "n_estimators": 702,
  "max_depth": 7,
  "learning_rate": 0.015219864158588139,
  "subsample": 0.8181612256332293,
  "colsample_bytree": 0.958820603545849,
  "min_child_weight": 10,
  "reg_alpha": 6.634386450652581e-05,
  "reg_lambda": 2.135609415034906e-06,
  "gamma": 0.3804632709651579
}