{
  "C": 8.027044454292717,
  "gamma": 0.12404669161774985,
  "epsilon": 0.16883457534248503
}