{
  "feature_set": "AA Comp",
  "estimator": "svr",
  "family": "kernel",
  "seed": 1,
  "test_metrics": {
    "rmse": 1.0262514426632958,
    "mae": 0.612292024197078,
    "r2": 0.19309203928861263,
    "spearman": 0.5180912057007637
  },
  "hpo": true,
  "best_params": {
    "C": 8.027044454292717,
    "gamma": 0.12404669161774985,
    "epsilon": 0.16883457534248503
  },
  "needs_scale": true
}