{
  "C": 25.26493185409725,
  "gamma": 0.006400694997102941,
  "epsilon": 0.030051579215430373
}