{
  "feature_set": "Chem",
  "estimator": "xgboost",
  "family": "tree",
  "seed": 2,
  "test_metrics": {
    "rmse": 0.8656283238469366,
    "mae": 0.5252342588663329,
    "r2": 0.4259108281377366,
    "spearman": 0.7159367509451785
  },
  "hpo": true,
  "best_params": {
    "n_estimators": 913,
    "max_depth": 5,
    "learning_rate": 0.03412160381380861,
    "subsample": 0.8243686504260808,
    "colsample_bytree": 0.5198295345087478,
    "min_child_weight": 4,
    "reg_alpha": 3.5232515932709975e-06,
    "reg_lambda": 0.002329455771170494
  },
  "needs_scale": false
}