{
  "C": 13.945946057144928,
  "gamma": 0.061789587850507394,
  "epsilon": 0.003830178964857715
}