{
  "n_estimators": 1861,
  "max_depth": 5,
  "learning_rate": 0.050156582941639445,
  "subsample": 0.866571543185521,
  "colsample_bytree": 0.921178117354733,
  "min_child_weight": 4,
  "reg_alpha": 1.1057602313848409e-05,
  "reg_lambda": 0.002678382930488318,
  "gamma": 0.2454848464992292
}