{
  "n_estimators": 1568,
  "max_depth": 7,
  "learning_rate": 0.014490411546631549,
  "subsample": 0.8008619920899389,
  "colsample_bytree": 0.9650216947035117,
  "min_child_weight": 13,
  "reg_alpha": 0.03191198848706053,
  "reg_lambda": 0.06584315453070337,
  "gamma": 0.583680202750949
}