{
  "alpha": 9.549120963048757e-05,
  "l1_ratio": 0.2784011859747693
}