{
  "alpha": 1.3228956587874199e-05,
  "l1_ratio": 0.7990429114381695
}