{
  "n_estimators": 1330,
  "max_depth": 5,
  "learning_rate": 0.06793800032385247,
  "subsample": 0.8116628064834166,
  "colsample_bytree": 0.7680084143792001,
  "min_child_weight": 20,
  "reg_alpha": 0.06013378894686665,
  "reg_lambda": 1.0225382219665893e-08,
  "gamma": 0.5459610239585241
}