{
  "C": 8.49054338262491,
  "gamma": 0.01722444861549842,
  "epsilon": 0.2726315755906131
}