{
  "feature_set": "AA Comp",
  "estimator": "svr",
  "family": "kernel",
  "seed": 0,
  "test_metrics": {
    "rmse": 1.0195783190742125,
    "mae": 0.6120417869888032,
    "r2": 0.20355163984004288,
    "spearman": 0.5240961317836453
  },
  "hpo": true,
  "best_params": {
    "C": 8.49054338262491,
    "gamma": 0.01722444861549842,
    "epsilon": 0.2726315755906131
  },
  "needs_scale": true
}