{
  "n_estimators": 212,
  "max_depth": 5,
  "learning_rate": 0.10812562896625334,
  "subsample": 0.8241917881101826,
  "colsample_bytree": 0.9677311393879429,
  "min_child_weight": 2,
  "reg_alpha": 0.013728370832241987,
  "reg_lambda": 36.891435579718134,
  "gamma": 0.5249938381375223
}