{
  "feature_set": "Chem+Context",
  "estimator": "xgboost",
  "family": "tree",
  "seed": 2,
  "split_type": "random",
  "status": "completed",
  "test_metrics": {
    "rmse": 0.8645113850952116,
    "mae": 0.5207212346904015,
    "r2": 0.4273913914091192,
    "spearman": 0.7162647399506972
  },
  "val_metrics": {
    "rmse": 0.8673869112140068,
    "mae": 0.5279937780130152,
    "r2": 0.4208397811234166,
    "spearman": 0.7460993662276442
  },
  "selection_metric": "validation RMSE",
  "best_validation_rmse": 0.8673869112140068,
  "runtime_seconds": 17.188849841011688,
  "n_trials": 10,
  "hpo": true,
  "best_params": {
    "n_estimators": 214,
    "max_depth": 7,
    "learning_rate": 0.019681055777476822,
    "subsample": 0.5534728421549915,
    "colsample_bytree": 0.6101531035352799,
    "min_child_weight": 4,
    "reg_alpha": 0.0006408035477196705,
    "reg_lambda": 2.583465009655243e-05
  },
  "needs_scale": false
}