{
  "C": 0.6316577446325138,
  "gamma": 0.03051654279698753,
  "epsilon": 0.02680023736311305
}