{
  "alpha": 0.00032952940508099984,
  "l1_ratio": 0.43609570175635687
}