{
  "C": 44.77955545387804,
  "gamma": 0.19272457133176235,
  "epsilon": 0.03739646061105908
}