{
  "n_estimators": 1402,
  "max_depth": 8,
  "learning_rate": 0.01235019644930679,
  "subsample": 0.7872116584800682,
  "colsample_bytree": 0.9007583614866084,
  "min_child_weight": 5,
  "reg_alpha": 3.839990219133023e-06,
  "reg_lambda": 9.275268754808477e-07,
  "gamma": 0.6545865267848058
}