{
  "feature_set": "Context",
  "estimator": "elasticnet",
  "family": "linear",
  "seed": 3,
  "test_metrics": {
    "rmse": 1.0571558783941526,
    "mae": 0.7020337294934615,
    "r2": 0.14376200206406053,
    "spearman": 0.4517499507953405
  },
  "hpo": true,
  "best_params": {
    "alpha": 9.549120963048757e-05,
    "l1_ratio": 0.2784011859747693
  },
  "needs_scale": true
}