{
  "alpha": 1.685579585209923e-05,
  "l1_ratio": 0.29919957428501887
}