{
  "alpha": 0.04145430139548799,
  "l1_ratio": 0.713222166501901
}