{
  "feature_set": "AA Comp",
  "estimator": "elasticnet",
  "family": "linear",
  "seed": 2,
  "test_metrics": {
    "rmse": 1.070504632552166,
    "mae": 0.721909032279938,
    "r2": 0.12200197120925815,
    "spearman": 0.33226596412337445
  },
  "hpo": true,
  "best_params": {
    "alpha": 0.04145430139548799,
    "l1_ratio": 0.713222166501901
  },
  "needs_scale": true
}