{
  "C": 0.7046676192168849,
  "gamma": 0.10556140737709224,
  "epsilon": 0.00156422495537211
}