{
  "feature_set": "Chem+Context",
  "estimator": "elasticnet",
  "family": "linear",
  "seed": 1,
  "split_type": "random",
  "status": "completed",
  "test_metrics": {
    "rmse": 1.0342384988845101,
    "mae": 0.669380281433847,
    "r2": 0.1804832415219242,
    "spearman": 0.5430760796767637
  },
  "val_metrics": {
    "rmse": 1.0195530806504496,
    "mae": 0.6695761161656955,
    "r2": 0.19981081522216093,
    "spearman": 0.55259058429322
  },
  "selection_metric": "validation RMSE",
  "best_validation_rmse": 1.0195530806504496,
  "runtime_seconds": 12.49161340604769,
  "n_trials": 10,
  "hpo": true,
  "best_params": {
    "alpha": 0.00016854407828169375,
    "l1_ratio": 0.8705550876631265
  },
  "needs_scale": true
}