{
  "alpha": 5.669070564161233e-05,
  "l1_ratio": 0.21309802057542304
}