{
  "n_estimators": 2000,
  "max_depth": 5,
  "learning_rate": 0.03725462635299431,
  "subsample": 0.9712403912783114,
  "colsample_bytree": 0.6730561882003074,
  "min_child_weight": 10,
  "reg_alpha": 0.025053840836060635,
  "reg_lambda": 0.022498879603635457,
  "gamma": 0.4938519381544371
}