{
  "n_estimators": 1366,
  "max_depth": 6,
  "learning_rate": 0.03153513929524102,
  "subsample": 0.7036058240760443,
  "colsample_bytree": 0.8815522829006001,
  "min_child_weight": 4,
  "reg_alpha": 0.08185295790551468,
  "reg_lambda": 20.577442776593642,
  "gamma": 0.6254945255144477
}