{
  "feature_set": "Site+Context",
  "estimator": "xgboost",
  "family": "tree",
  "seed": 4,
  "test_metrics": {
    "rmse": 0.8911658255708299,
    "mae": 0.5625249276631611,
    "r2": 0.3915379637809041,
    "spearman": 0.6843774985908407
  },
  "hpo": true,
  "best_params": {
    "n_estimators": 172,
    "max_depth": 9,
    "learning_rate": 0.024877149615152937,
    "subsample": 0.605555960664129,
    "colsample_bytree": 0.991126885106318,
    "min_child_weight": 7,
    "reg_alpha": 6.703636974307736e-06,
    "reg_lambda": 1.7007382198471512e-06
  },
  "needs_scale": false
}