{
  "C": 1.7826497151386944,
  "gamma": 0.07608481233714794,
  "epsilon": 0.0010007110473405194
}