{
  "alpha": 3.800052684420755e-05,
  "l1_ratio": 0.7094293448719378
}