{
  "n_estimators": 1088,
  "max_depth": 8,
  "learning_rate": 0.033229211344304135,
  "subsample": 0.7138122629561076,
  "colsample_bytree": 0.8583512591744682,
  "min_child_weight": 3,
  "reg_alpha": 0.7015126416064167,
  "reg_lambda": 0.05430900425947165,
  "gamma": 1.2535483127158131
}