{
  "n_estimators": 1468,
  "max_depth": 6,
  "learning_rate": 0.006427014848692609,
  "subsample": 0.9254728998800323,
  "colsample_bytree": 0.5655018806388863,
  "min_child_weight": 2,
  "reg_alpha": 2.930418261335342e-06,
  "reg_lambda": 1.0952044541943935e-07,
  "gamma": 0.44404593220677435
}