{
  "n_estimators": 479,
  "max_depth": 4,
  "learning_rate": 0.03959260935006432,
  "subsample": 0.7473376041691572,
  "colsample_bytree": 0.9930178261684457,
  "min_child_weight": 5,
  "reg_alpha": 0.0012000989490042338,
  "reg_lambda": 1.8723041561274318
}