{
  "alpha": 1.8486238966044668e-05,
  "l1_ratio": 0.06871996656546067
}