{
  "alpha": 0.0005564529299329963,
  "l1_ratio": 0.5106110530937098
}