{
  "alpha": 2.8279110666044367e-05,
  "l1_ratio": 0.27954892400347126
}